first_name,age
Sherrod,69
Maria,63
Benjamin,78
Thomas,74
Robert,61
Dianne,88
Amy,61
Robert,67
Bernard,80
Debbie,71
Jon,65
Sheldon,66
John,69
Roger,70
Susan,69
John,69
Richard,77
Lindsey,66
James,87
Mitch,79
Jeff,65
John,72
James,78
Jeanne,74
Mark,67
Kirsten,55
Christopher,58
Joe,74
Tammy,59
Michael,57
Marsha,69
Richard,75
Roy,71
John,71
Richard,66
Shelley,68
Bill,64
Michael,70
Charles,88
Martin,50
Mazie,74
John,64
Ron,66
James,53
Patrick,81
Mike,50
Ben,49
Edward,75
Jerry,67
Lisa,64
Christopher,48
Patty,71
Rand,58
Gary,63
Robert,66
Marco,50
Charles,71
Tim,56
Richard,87
John,60
Patrick,60
Chris,62
Ron,72
Todd,49
Brian,49
Tom,44
Kyrsten,45
Tammy,53
Elizabeth,72
Angus,77
Steve,59
Kevin,60
Deb,70
Ted,51
Timothy,63
Cory,52
Dan,57
Joni,51
Thom,61
Mike,67
Benjamin,49
John,70
Margaret,63
Catherine,57
Roger,61
Jacky,64
Tina,63
Cindy,62
Rick,69
Mike,67
Joshua,42
Mitt,74
Mark,57
Cynthia,67
Tommy,67
John,69
Bill,62
Alejandro,48
Jon,34
Raphael,52
